"id.exposure","id.outcome","outcome","exposure","method","nsnp","b","se","pval","lo_ci","up_ci","or","or_lci95","or_uci95"
"W4MeMk","fvqlRI","GCST012879","GCST90277263","MR Egger",14,0.204984604102033,0.171078507966178,0.25397245709494,-0.130329271511677,0.540298479715743,1.22750616625801,0.877806346706836,1.71651913187255
"W4MeMk","fvqlRI","GCST012879","GCST90277263","Weighted median",14,0.0691906662676005,0.0757238777873129,0.360862294005136,-0.0792281341955328,0.217609466730734,1.07164051536785,0.923829143384381,1.24310150031719
"W4MeMk","fvqlRI","GCST012879","GCST90277263","Inverse variance weighted",14,0.0139186902393089,0.0557296356338754,0.80277772257374,-0.0953113956030869,0.123148776081705,1.01401600618763,0.909089803819979,1.1310526820168
"W4MeMk","fvqlRI","GCST012879","GCST90277263","Simple mode",14,0.0804325805291057,0.112287152571041,0.486468488641895,-0.139650238510135,0.300515399568347,1.08375577793802,0.869662356612289,1.35055470353959
"W4MeMk","fvqlRI","GCST012879","GCST90277263","Weighted mode",14,0.0916567785056721,0.1065223551793,0.405132864228988,-0.117127037645756,0.300440594657101,1.0959885906773,0.889472189532782,1.35045367919347
