"id.exposure","id.outcome","outcome","exposure","method","nsnp","b","se","pval","lo_ci","up_ci","or","or_lci95","or_uci95"
"asnVSa","jvBUeO","GCST012879","GCST90277243","MR Egger",9,0.388404790075322,0.168621664125424,0.0547154922982273,0.0579063283894903,0.718903251761153,1.47462657769543,1.05961573514898,2.05218124978107
"asnVSa","jvBUeO","GCST012879","GCST90277243","Weighted median",9,0.174076341914329,0.107118417507728,0.104144829650582,-0.0358757564008168,0.384028440229476,1.19014642040838,0.964760151310732,1.46818719666901
"asnVSa","jvBUeO","GCST012879","GCST90277243","Inverse variance weighted",9,0.10423023937615,0.0840915799494711,0.215165995820329,-0.0605892573248136,0.269049736077113,1.10985595804441,0.94120975540419,1.3087202300381
"asnVSa","jvBUeO","GCST012879","GCST90277243","Simple mode",9,0.267199042909004,0.184407359300794,0.185385791371663,-0.0942393813205523,0.628637467138559,1.30630043029349,0.910064883630141,1.87505401524587
"asnVSa","jvBUeO","GCST012879","GCST90277243","Weighted mode",9,0.240688025147826,0.174474212622986,0.205069241641661,-0.101281431593226,0.582657481888878,1.27212410266607,0.903678673366331,1.79079110781221
