"id.exposure","id.outcome","outcome","exposure","method","nsnp","b","se","pval","lo_ci","up_ci","or","or_lci95","or_uci95"
"i0rose","0IzSjw","GCST012879","GCST90277262","MR Egger",23,0.044524410925287,0.107544312215366,0.683064809150738,-0.16626244101683,0.255311262867404,1.04553049876584,0.846823963682121,1.29086335617668
"i0rose","0IzSjw","GCST012879","GCST90277262","Weighted median",23,0.00611178474682621,0.0572882044506578,0.915038984667829,-0.106173095976463,0.118396665470116,1.00613049981128,0.899268974761811,1.1256905453884
"i0rose","0IzSjw","GCST012879","GCST90277262","Inverse variance weighted",23,-0.0186391781280915,0.0400820064745806,0.641912784183348,-0.0971999108182694,0.0599215545620864,0.981533457095711,0.907374594003189,1.06175325357949
"i0rose","0IzSjw","GCST012879","GCST90277262","Simple mode",23,-0.088684631924229,0.0924854244431804,0.348027735513226,-0.269956063832863,0.0925867999844046,0.915134132161309,0.763413035042725,1.09700835773621
"i0rose","0IzSjw","GCST012879","GCST90277262","Weighted mode",23,0.0198034101350805,0.0686648271248547,0.775735097770378,-0.114779651029635,0.154386471299796,1.02000079849599,0.891562577159997,1.16694178915245
