"id.exposure","id.outcome","outcome","exposure","method","nsnp","b","se","pval","lo_ci","up_ci","or","or_lci95","or_uci95"
"ttad1g","92ekkz","GCST012879","GCST90277260","Inverse variance weighted (multiplicative random effects)",13,-0.0672162302493217,0.0595217309312864,0.258783065486424,-0.183878822874643,0.0494463623759996,0.934993005706421,0.832036621524137,1.0506892342293
"ttad1g","92ekkz","GCST012879","GCST90277260","Inverse variance weighted",13,-0.0672162302493217,0.0595217309312864,0.258783065486424,-0.183878822874643,0.0494463623759996,0.934993005706421,0.832036621524137,1.0506892342293
"ttad1g","92ekkz","GCST012879","GCST90277260","Inverse variance weighted (fixed effects)",13,-0.0672162302493217,0.0527143497074228,0.202272755502154,-0.17053635567587,0.036103895177227,0.934993005706421,0.843212433513432,1.03676355562895
