"id.exposure","id.outcome","outcome","exposure","method","nsnp","b","se","pval","lo_ci","up_ci","or","or_lci95","or_uci95"
"aCOnzA","rA0iXU","GCST012879","GCST90277244","MR Egger",17,0.106380030548968,0.20303568541641,0.607970583747892,-0.291569912867197,0.504329973965132,1.11224448308123,0.747089780588498,1.65587566887899
"aCOnzA","rA0iXU","GCST012879","GCST90277244","Weighted median",17,0.0812663865364631,0.0690284473938574,0.239080437543053,-0.0540293703554974,0.216562143428424,1.084659796852,0.947404280492653,1.2418002526812
"aCOnzA","rA0iXU","GCST012879","GCST90277244","Inverse variance weighted",17,0.0780592980626738,0.0574866360814467,0.174505382479424,-0.0346145086569618,0.190733104782309,1.08118676905005,0.965977720541753,1.21013642935086
"aCOnzA","rA0iXU","GCST012879","GCST90277244","Simple mode",17,0.0574358991247164,0.116340825969678,0.62823574242554,-0.170592119775852,0.285463918025285,1.0591173781278,0.843165413842001,1.33037907181344
"aCOnzA","rA0iXU","GCST012879","GCST90277244","Weighted mode",17,0.100239545399016,0.0920286077099379,0.292190416213128,-0.0801365257124628,0.280615616510494,1.10543568839519,0.922990325872475,1.3239446036692
