"id.exposure","id.outcome","outcome","exposure","method","nsnp","b","se","pval","lo_ci","up_ci","or","or_lci95","or_uci95"
"cAIiey","gmTfhF","GCST012879","GCST90277259","MR Egger",17,0.107305591659348,0.114967329964199,0.365417492168978,-0.118030375070483,0.332641558389179,1.11327440987658,0.888669058819353,1.39464730923863
"cAIiey","gmTfhF","GCST012879","GCST90277259","Weighted median",17,0.00233445643703431,0.0650045552615272,0.971352369819782,-0.125074471875559,0.129743384749628,1.00233718340204,0.882431183832215,1.13853618008741
"cAIiey","gmTfhF","GCST012879","GCST90277259","Inverse variance weighted",17,-0.000729865056200134,0.0455380535075173,0.987212384295818,-0.0899844499309341,0.0885247198185338,0.999270401230512,0.913945397074778,1.09256126019276
"cAIiey","gmTfhF","GCST012879","GCST90277259","Simple mode",17,0.00175343702681963,0.1010686960148,0.986372726535894,-0.196341207162188,0.199848081215827,1.00175497519642,0.821731806061155,1.22121721823202
"cAIiey","gmTfhF","GCST012879","GCST90277259","Weighted mode",17,0.0396482601043919,0.0924481217901413,0.673735993703693,-0.141550058604285,0.220846578813069,1.04044474389683,0.868011723041956,1.2471320794019
