"id.exposure","id.outcome","outcome","exposure","method","nsnp","b","se","pval","lo_ci","up_ci","or","or_lci95","or_uci95"
"RTvsF8","0IzSjw","GCST012879","GCST90277288","Inverse variance weighted (multiplicative random effects)",12,0.151392707033653,0.0446111594943586,0.000689788090838444,0.0639548344247097,0.238830579642595,1.16345346473929,1.06604424917236,1.2697633945915
"RTvsF8","0IzSjw","GCST012879","GCST90277288","Inverse variance weighted",12,0.151392707033653,0.0446111594943586,0.000689788090838444,0.0639548344247097,0.238830579642595,1.16345346473929,1.06604424917236,1.2697633945915
"RTvsF8","0IzSjw","GCST012879","GCST90277288","Inverse variance weighted (fixed effects)",12,0.151392707033653,0.0387386833227582,9.30440965181608e-05,0.0754648877210465,0.227320526346258,1.16345346473929,1.07838536248562,1.25523213843873
