"id.exposure","id.outcome","outcome","exposure","method","nsnp","b","se","pval","lo_ci","up_ci","or","or_lci95","or_uci95"
"RTvsF8","0IzSjw","GCST012879","GCST90277288","MR Egger",12,0.231445424768571,0.0757531254701638,0.0121422784244406,0.0829692988470503,0.379921550690092,1.26042053695802,1.08650845097405,1.46216987871684
"RTvsF8","0IzSjw","GCST012879","GCST90277288","Weighted median",12,0.201827452170864,0.0487693690822609,3.49727022545281e-05,0.106239488769633,0.297415415572096,1.22363685401198,1.11208817724653,1.34637448822047
"RTvsF8","0IzSjw","GCST012879","GCST90277288","Inverse variance weighted",12,0.151392707033653,0.0446111594943586,0.000689788090838444,0.0639548344247097,0.238830579642595,1.16345346473929,1.06604424917236,1.2697633945915
"RTvsF8","0IzSjw","GCST012879","GCST90277288","Simple mode",12,0.147044699287116,0.118689180815131,0.241165261374022,-0.085586095110542,0.379675493684773,1.15840574178346,0.9179741065697,1.46181014583443
"RTvsF8","0IzSjw","GCST012879","GCST90277288","Weighted mode",12,0.196947786533007,0.0460876825498537,0.00131332289356203,0.106615928735294,0.287279644330721,1.21768045972754,1.11250689048704,1.33279687045637
