"id.exposure","id.outcome","outcome","exposure","method","nsnp","b","se","pval","lo_ci","up_ci","or","or_lci95","or_uci95"
"nbQHIF","jvBUeO","GCST012879","GCST90277249","MR Egger",20,0.14581293636038,0.0981792707422434,0.154801893035,-0.0466184342944175,0.338244307015176,1.15697973896561,0.954451514084186,1.40248309801399
"nbQHIF","jvBUeO","GCST012879","GCST90277249","Weighted median",20,0.0504956422379435,0.0609036650393753,0.407043981744037,-0.0688755412392322,0.169866825715119,1.05179227988453,0.933442847989103,1.18514700970488
"nbQHIF","jvBUeO","GCST012879","GCST90277249","Inverse variance weighted",20,0.0936890732247092,0.0457201552135574,0.0404439920012582,0.00407756900613655,0.183300577443282,1.09821822737429,1.00408589360149,1.20117540005577
"nbQHIF","jvBUeO","GCST012879","GCST90277249","Simple mode",20,-0.049585307740091,0.108554849676521,0.653010698758334,-0.262352813106072,0.163182197625891,0.951623973783065,0.769239578020758,1.17725116251654
"nbQHIF","jvBUeO","GCST012879","GCST90277249","Weighted mode",20,-0.00672806000673365,0.0778514753681494,0.932035424700428,-0.159316951728306,0.145860831714839,0.993294522714642,0.852726043139715,1.15703515424737
